Station,Target Variable,RF_max_depth,RF_n_estimators,RF_max_features,RF_min_samples_split,RF_min_samples_leaf,MAE,MSE,RMSE,R2
AIO,"(37.895835876464844, 15.333335876464844)",10,100,sqrt,5,1,0.21180394534591393,0.10657779422944327,0.3264625464420739,0.5048653877180485
AIO,"(37.9375, 15.375)",10,100,sqrt,5,1,0.20524413471391287,0.09868204408606346,0.3141369829963729,0.49796779396381796
AIO,"(37.895835876464844, 15.375)",10,100,sqrt,5,1,0.209592351431396,0.10465725596511517,0.3235077371023994,0.521965818580056
AIO,"(37.85416793823242, 15.333335876464844)",10,100,sqrt,5,1,0.21086671384144995,0.10664568960146822,0.32656651635075545,0.5231468259834983
AIO,"(37.97916793823242, 15.416667938232422)",10,100,sqrt,5,1,0.19507347847381215,0.08832765191587463,0.29719968357297194,0.4921139447337588
AIO,sea_mean,10,100,sqrt,5,1,0.20525159616497302,0.09991350762850051,0.31609097998598523,0.5109947782082551
AIO,sea_median,10,100,sqrt,5,1,0.21152709212511972,0.10617164358628664,0.3258399048402246,0.5071698894174024
AIO,sea_mode,10,100,sqrt,5,1,0.19703202495780445,0.09037794317953829,0.30062924538297714,0.4843165937814494
AIO,"(37.895835876464844, 15.333335876464844)",10,100,sqrt,5,3,0.21291018335691442,0.10910997486717752,0.33031799052909233,0.4931014899252937
AIO,"(37.9375, 15.375)",10,100,sqrt,5,3,0.20639324931128927,0.10121984812534487,0.3181506689060151,0.4850570423460583
AIO,"(37.895835876464844, 15.375)",10,100,sqrt,5,3,0.21097908015939915,0.10748261453913929,0.3278454125638169,0.5090606648886422
AIO,"(37.85416793823242, 15.333335876464844)",10,100,sqrt,5,3,0.21208658797053648,0.10951506321149394,0.3309306018057169,0.5103167723873976
AIO,"(37.97916793823242, 15.416667938232422)",10,100,sqrt,5,3,0.19616084496119704,0.09084106941721579,0.3013985225863189,0.47766173557496583
AIO,sea_mean,10,100,sqrt,5,3,0.20652056569386076,0.10255555113798398,0.32024295642212647,0.49806386322984975
AIO,sea_median,10,100,sqrt,5,3,0.2126734320580475,0.10872363192242152,0.3297326673570902,0.4953240080556741
AIO,sea_mode,10,100,sqrt,5,3,0.19811538611443896,0.09286870623936563,0.3047436730095731,0.4701046618256234
AIO,"(37.895835876464844, 15.333335876464844)",10,100,sqrt,5,5,0.21387142460813033,0.1112853829426801,0.33359463865997624,0.482995071024372
AIO,"(37.9375, 15.375)",10,100,sqrt,5,5,0.2072801955890066,0.10358610418748507,0.32184795197031324,0.47301901899617005
AIO,"(37.895835876464844, 15.375)",10,100,sqrt,5,5,0.21186254791026368,0.10974933509767755,0.3312843719490516,0.498707155266053
AIO,"(37.85416793823242, 15.333335876464844)",10,100,sqrt,5,5,0.21304535439807123,0.1115312380191891,0.33396292910918884,0.5013016930155605
AIO,"(37.97916793823242, 15.416667938232422)",10,100,sqrt,5,5,0.19708671304201317,0.09327249822692779,0.30540546528660517,0.46368096330218456
AIO,sea_mean,10,100,sqrt,5,5,0.2073685068557846,0.10480478233750859,0.32373566738545906,0.4870554838055776
AIO,sea_median,10,100,sqrt,5,5,0.21365845509396109,0.11101234741955604,0.3331851548607111,0.4847001929441729
AIO,sea_mode,10,100,sqrt,5,5,0.1990130044898263,0.09524407289242542,0.30861638467914404,0.4565511649925027
AIO,"(37.895835876464844, 15.333335876464844)",10,100,log2,5,1,0.21032248783032023,0.10373312728553198,0.32207627557075974,0.518081021185866
AIO,"(37.9375, 15.375)",10,100,log2,5,1,0.20386011247742403,0.09577784993768892,0.3094799669408166,0.5127425081336449
AIO,"(37.895835876464844, 15.375)",10,100,log2,5,1,0.20806647276081608,0.10157613611147193,0.3187101129733287,0.5360391916444522
AIO,"(37.85416793823242, 15.333335876464844)",10,100,log2,5,1,0.2092809257884373,0.10382924090556958,0.32222545043116874,0.5357402322909897
AIO,"(37.97916793823242, 15.416667938232422)",10,100,log2,5,1,0.19350557258649032,0.08548522567152565,0.29237856568415826,0.5084579618259667
AIO,sea_mean,10,100,log2,5,1,0.2038270679273713,0.09701831049964842,0.31147762439643784,0.5251646992502554
AIO,sea_median,10,100,log2,5,1,0.209965722966051,0.1032562598828872,0.32133512083631194,0.5207025882097062
AIO,sea_mode,10,100,log2,5,1,0.19561493268045235,0.08769606407182669,0.2961352124821138,0.4996190061253961
AIO,"(37.895835876464844, 15.333335876464844)",10,100,log2,5,3,0.21571111958634306,0.1137295075233936,0.3372380576438454,0.47164026033993356
AIO,"(37.9375, 15.375)",10,100,log2,5,3,0.2090643695677656,0.10582407214571135,0.32530612067053294,0.46163364487353065
AIO,"(37.895835876464844, 15.375)",10,100,log2,5,3,0.2137146953348915,0.11243677268151729,0.3353159296566706,0.48643197172850416
AIO,"(37.85416793823242, 15.333335876464844)",10,100,log2,5,3,0.21507256629137098,0.11428074984036128,0.3380543592979704,0.4890075867669025
AIO,"(37.97916793823242, 15.416667938232422)",10,100,log2,5,3,0.19855420286487704,0.09527367397139448,0.3086643386777852,0.45217415617320433
AIO,sea_mean,10,100,log2,5,3,0.20921292722630794,0.10722378088721425,0.32745042508327005,0.47521621451767504
AIO,sea_median,10,100,log2,5,3,0.21546643948023333,0.11344073166565904,0.33680963713299394,0.4734280600457935
AIO,sea_mode,10,100,log2,5,3,0.20053348716577063,0.09720018036370216,0.31176943462068596,0.4453899001060728
AIO,"(37.895835876464844, 15.333335876464844)",10,100,log2,5,5,0.21695768635277915,0.11797854098353097,0.3434800445201016,0.45190028026182316
AIO,"(37.9375, 15.375)",10,100,log2,5,5,0.210322650987788,0.11019596936481046,0.33195778250375524,0.43939218011877146
AIO,"(37.895835876464844, 15.375)",10,100,log2,5,5,0.2150257786425802,0.11685232232366591,0.3418366895517009,0.4662634354981331
AIO,"(37.85416793823242, 15.333335876464844)",10,100,log2,5,5,0.216122926914664,0.11837211270526236,0.34405248539323524,0.4707135574866561
AIO,"(37.97916793823242, 15.416667938232422)",10,100,log2,5,5,0.20007295801115083,0.09950661648304214,0.31544669356809263,0.42783463816521894
AIO,sea_mean,10,100,log2,5,5,0.2104189913762644,0.11150947606010633,0.3339303461204242,0.4542407991980141
AIO,sea_median,10,100,log2,5,5,0.21670599747662625,0.11778883980280833,0.34320378757060405,0.45324490622360714
AIO,sea_mode,10,100,log2,5,5,0.20204878135687118,0.10128166713203877,0.31824780774113554,0.4221015299010702
AIO,"(37.895835876464844, 15.333335876464844)",10,100,0.5,5,1,0.2127582229998619,0.11304256912535332,0.33621803807254796,0.4748316097184263
AIO,"(37.9375, 15.375)",10,100,0.5,5,1,0.2063179433145759,0.10441339643497949,0.32313061822578726,0.4688102760998024
AIO,"(37.895835876464844, 15.375)",10,100,0.5,5,1,0.21080752626821975,0.11127228677002854,0.3335750092108648,0.49175089648283876
AIO,"(37.85416793823242, 15.333335876464844)",10,100,0.5,5,1,0.2119878323032959,0.11343631853990223,0.33680308570424683,0.4927833581775197
AIO,"(37.97916793823242, 15.416667938232422)",10,100,0.5,5,1,0.19627559253543284,0.09315726975796573,0.3052167586453367,0.4643435296818643
AIO,sea_mean,10,100,0.5,5,1,0.20629658805270087,0.105990821133802,0.325562315285111,0.4812506714393502
AIO,sea_median,10,100,0.5,5,1,0.21255837502788252,0.11260266824700316,0.3355632105088446,0.47731820315124285
AIO,sea_mode,10,100,0.5,5,1,0.19811201845583756,0.0953106114807277,0.3087241673091494,0.4561715054798656
AIO,"(37.895835876464844, 15.333335876464844)",10,100,0.5,5,3,0.2110255233100241,0.11247948040058492,0.3353796064172431,0.477447583518919
AIO,"(37.9375, 15.375)",10,100,0.5,5,3,0.204580537541739,0.1042968771636197,0.3229502704188676,0.4694030529052309
AIO,"(37.895835876464844, 15.375)",10,100,0.5,5,3,0.20899854524100434,0.1107918706132425,0.3328541281300902,0.49394525311996174
AIO,"(37.85416793823242, 15.333335876464844)",10,100,0.5,5,3,0.21005500992260925,0.11276244533504728,0.33580119912687517,0.4957964998977391
AIO,"(37.97916793823242, 15.416667938232422)",10,100,0.5,5,3,0.19492068648541416,0.09353374485071264,0.3058328707819234,0.46217878913217403
AIO,sea_mean,10,100,0.5,5,3,0.20456332393185156,0.10569664523195828,0.3251102047490332,0.4826904522611962
AIO,sea_median,10,100,0.5,5,3,0.21071521347260483,0.1120681410055842,0.33476580023291536,0.47979938466637906
AIO,sea_mode,10,100,0.5,5,3,0.19671244026430507,0.09559906299537842,0.30919098142633206,0.45452564306730237
AIO,"(37.895835876464844, 15.333335876464844)",10,100,0.5,5,5,0.21523260173199305,0.12185913010729642,0.3490832710218243,0.4338720033105785
AIO,"(37.9375, 15.375)",10,100,0.5,5,5,0.20884703405969676,0.11381282711920318,0.33736156734163303,0.42099188152166034
AIO,"(37.895835876464844, 15.375)",10,100,0.5,5,5,0.21338529769625061,0.12089491807254989,0.3476994651599998,0.4477984095254127
AIO,"(37.85416793823242, 15.333335876464844)",10,100,0.5,5,5,0.21401827936403647,0.12222059238589773,0.34960061840033657,0.45350555069606824
AIO,"(37.97916793823242, 15.416667938232422)",10,100,0.5,5,5,0.19916252509347507,0.10276321241785766,0.320567017046136,0.4091091357086969
AIO,sea_mean,10,100,0.5,5,5,0.2088424740441962,0.11523243970035042,0.3394590397976616,0.4360195526035161
AIO,sea_median,10,100,0.5,5,5,0.21507165861652436,0.12176247372301578,0.34894480039544334,0.4347999959051656
AIO,sea_mode,10,100,0.5,5,5,0.2009053976259703,0.10441671373559097,0.32313575124951893,0.4042134096994179
CAVT,"(37.5625, 12.75)",10,100,sqrt,5,1,0.12148510790621203,0.03009895891920726,0.17349051535806578,0.7930301399673956
CAVT,"(37.5625, 12.791667938232422)",10,100,sqrt,5,1,0.11870547909739096,0.02861139486041985,0.16914903150896207,0.7885761892971801
CAVT,"(37.5625, 12.708333969116211)",10,100,sqrt,5,1,0.12438568563846476,0.031701495957391745,0.17804913916498374,0.7976797731867437
CAVT,"(37.5625, 12.833333969116211)",10,100,sqrt,5,1,0.11565298515166962,0.027092607573215015,0.16459832190279164,0.7831471288459673
CAVT,"(37.5625, 12.666667938232422)",10,100,sqrt,5,1,0.12805274691864235,0.03374918616400336,0.1837095157143564,0.8021552554312437
CAVT,sea_mean,10,100,sqrt,5,1,0.12121929807698324,0.03003156999126167,0.1732961915082431,0.7942514349672725
CAVT,sea_median,10,100,sqrt,5,1,0.12147943457281829,0.03009726247139642,0.17348562612330862,0.793026593285219
CAVT,sea_mode,10,100,sqrt,5,1,0.11568945737648574,0.02711758242517061,0.16467417048575228,0.7833168371712733
CAVT,"(37.5625, 12.75)",10,100,sqrt,5,3,0.1195932731200658,0.028518627867321553,0.16887459213073336,0.8038969907940945
CAVT,"(37.5625, 12.791667938232422)",10,100,sqrt,5,3,0.11689661638198637,0.027150775610366284,0.16477492409455477,0.7993694305683149
CAVT,"(37.5625, 12.708333969116211)",10,100,sqrt,5,3,0.12235912421215668,0.0299854609150344,0.17316310494742926,0.8086315780938644
CAVT,"(37.5625, 12.833333969116211)",10,100,sqrt,5,3,0.1138814316369789,0.025752985811348123,0.16047736853322378,0.7938696414183068
CAVT,"(37.5625, 12.666667938232422)",10,100,sqrt,5,3,0.12589316194745437,0.031882184777807035,0.1785558309823766,0.8131000056414132
CAVT,sea_mean,10,100,sqrt,5,3,0.11928260535577892,0.028444294267865985,0.1686543633229392,0.8051259814027393
CAVT,sea_median,10,100,sqrt,5,3,0.11958762188561282,0.028516332441906243,0.16886779575131028,0.803898361915082
CAVT,sea_mode,10,100,sqrt,5,3,0.11392875061101085,0.025774763761220638,0.16054520784259066,0.7940466356705691
CAVT,"(37.5625, 12.75)",10,100,sqrt,5,5,0.12029173432431796,0.02915448506097059,0.17074684495173137,0.7995246377594423
CAVT,"(37.5625, 12.791667938232422)",10,100,sqrt,5,5,0.11754770106753115,0.02775382054613788,0.16659477946843917,0.7949132319464769
CAVT,"(37.5625, 12.708333969116211)",10,100,sqrt,5,5,0.12315405015142891,0.03066398185079826,0.17511134129689676,0.8043012300937008
CAVT,"(37.5625, 12.833333969116211)",10,100,sqrt,5,5,0.11453005647629393,0.02631582515118272,0.16222153109616097,0.7893645997196909
CAVT,"(37.5625, 12.666667938232422)",10,100,sqrt,5,5,0.1267842399523898,0.032607488012165946,0.18057543579392504,0.8088481273164275
CAVT,sea_mean,10,100,sqrt,5,5,0.12000983402886918,0.02908494531503691,0.17054308932066672,0.8007368324611259
CAVT,sea_median,10,100,sqrt,5,5,0.12028648703996167,0.029152065424113315,0.17073975935356508,0.7995265416801555
CAVT,sea_mode,10,100,sqrt,5,5,0.1145710112478238,0.026336251173501527,0.16228447607057653,0.7895600680085267
CAVT,"(37.5625, 12.75)",10,100,log2,5,1,0.11985466909996174,0.02861710051638773,0.16916589643420368,0.8032198620452572
CAVT,"(37.5625, 12.791667938232422)",10,100,log2,5,1,0.11709433314994434,0.02721785265682902,0.16497833996264183,0.79887376494827
CAVT,"(37.5625, 12.708333969116211)",10,100,log2,5,1,0.12275455093219394,0.030135209176970094,0.1735949572336999,0.8076758786416859
CAVT,"(37.5625, 12.833333969116211)",10,100,log2,5,1,0.11405417313262786,0.025800892315326774,0.16062656167435937,0.7934861913237876
CAVT,"(37.5625, 12.666667938232422)",10,100,log2,5,1,0.12647545020259113,0.03210270245098281,0.17917227031821306,0.8118072852033456
CAVT,sea_mean,10,100,log2,5,1,0.11961104928863577,0.028557702484887947,0.1689902437565197,0.8043490131016489
CAVT,sea_median,10,100,log2,5,1,0.11985075938258737,0.028615783537943255,0.16916200382456828,0.8032144547933675
CAVT,sea_mode,10,100,log2,5,1,0.11409781942775703,0.025822543472148296,0.1606939434830955,0.793664851678157
CAVT,"(37.5625, 12.75)",10,100,log2,5,3,0.1208233598703616,0.029286276721767396,0.17113233686760487,0.7986183970598288
CAVT,"(37.5625, 12.791667938232422)",10,100,log2,5,3,0.11810054796870607,0.027874085588414702,0.16695534010152147,0.7940245338016801
CAVT,"(37.5625, 12.708333969116211)",10,100,log2,5,3,0.12364403409970309,0.030805959507774785,0.17551626565015216,0.8033951229560279
CAVT,"(37.5625, 12.833333969116211)",10,100,log2,5,3,0.11504953782248652,0.026420855560916376,0.16254493397493622,0.7885239222083927
CAVT,"(37.5625, 12.666667938232422)",10,100,log2,5,3,0.1272022916661141,0.03276614180582199,0.1810142033262086,0.8079180657994413
CAVT,sea_mean,10,100,log2,5,3,0.12053064991824224,0.02921520186674751,0.17092455021660144,0.7998444349405047
CAVT,sea_median,10,100,log2,5,3,0.12081823464601305,0.02928403653014967,0.17112579153987767,0.7986190003570793
CAVT,sea_mode,10,100,log2,5,3,0.11508814569635306,0.02644552671773364,0.16262080653389233,0.7886869012869215
CAVT,"(37.5625, 12.75)",10,100,log2,5,5,0.1208955838789453,0.029417451307782633,0.17151516349227736,0.7977163995595072
CAVT,"(37.5625, 12.791667938232422)",10,100,log2,5,5,0.11813886070572685,0.02797772502806079,0.16726543285467202,0.7932586904942853
CAVT,"(37.5625, 12.708333969116211)",10,100,log2,5,5,0.12382969081848061,0.030977371973820382,0.17600389760974153,0.8023011616787563
CAVT,"(37.5625, 12.833333969116211)",10,100,log2,5,5,0.11509465052918245,0.026520378855283324,0.16285078708831383,0.7877273243884206
CAVT,"(37.5625, 12.666667938232422)",10,100,log2,5,5,0.12759908604621606,0.03300507600702949,0.1816729919581595,0.8065173838458997
CAVT,sea_mean,10,100,log2,5,5,0.12063471970948543,0.029362404063201678,0.17135461494573667,0.7988359415217815
CAVT,sea_median,10,100,log2,5,5,0.12088916084236642,0.02941548866906174,0.17150944192394113,0.7977150278766442
CAVT,sea_mode,10,100,log2,5,5,0.11513695241655135,0.0265440705203269,0.16292351125705246,0.7878994865945537
CAVT,"(37.5625, 12.75)",10,100,0.5,5,1,0.12319062691618257,0.031410235552917734,0.1772293303968554,0.7840133915120231
CAVT,"(37.5625, 12.791667938232422)",10,100,0.5,5,1,0.12026636385518359,0.029881118078273355,0.17286155754902058,0.779193573644708
CAVT,"(37.5625, 12.708333969116211)",10,100,0.5,5,1,0.12625690714487334,0.03306381661661796,0.18183458586478526,0.7889853877502493
CAVT,"(37.5625, 12.833333969116211)",10,100,0.5,5,1,0.11715203565686408,0.02831056262220133,0.16825742961961987,0.7733984529905523
CAVT,"(37.5625, 12.666667938232422)",10,100,0.5,5,1,0.13009383613400732,0.03518286244063089,0.18757095308344224,0.7937507470865004
CAVT,sea_mean,10,100,0.5,5,1,0.12297775464737046,0.03134843177177186,0.17705488350161894,0.7852295149755687
CAVT,sea_median,10,100,0.5,5,1,0.12318574307009532,0.031407512676684374,0.17722164844252064,0.7840162406362059
CAVT,sea_mode,10,100,0.5,5,1,0.11720479156869094,0.02833380192371568,0.16832647422112684,0.7735986298655181
CAVT,"(37.5625, 12.75)",10,100,0.5,5,3,0.12232537128681774,0.03064897641704273,0.17506849064592614,0.789248047541938
CAVT,"(37.5625, 12.791667938232422)",10,100,0.5,5,3,0.11953724079853212,0.029159458859871798,0.17076140916457616,0.7845262721282182
CAVT,"(37.5625, 12.708333969116211)",10,100,0.5,5,3,0.12522123724210532,0.03225177701554436,0.1795877975129278,0.794167857261826
CAVT,"(37.5625, 12.833333969116211)",10,100,0.5,5,3,0.11647064531161981,0.027627190129753645,0.1662142897880734,0.7788682582374078
CAVT,"(37.5625, 12.666667938232422)",10,100,0.5,5,3,0.12883223524227586,0.03430408369549225,0.1852136163879218,0.7989023307578674
CAVT,sea_mean,10,100,0.5,5,3,0.12207479669076172,0.03057921606195849,0.17486913982163488,0.7904994701774041
CAVT,sea_median,10,100,0.5,5,3,0.12231915053856617,0.030646386791944806,0.17506109445546378,0.7892503650836723
CAVT,sea_mode,10,100,0.5,5,3,0.11652942890156442,0.027651471538138288,0.16628731622748105,0.779050793842489
CAVT,"(37.5625, 12.75)",10,100,0.5,5,5,0.12208014518278014,0.03037973723526846,0.1742978405926719,0.7910994204055872
CAVT,"(37.5625, 12.791667938232422)",10,100,0.5,5,5,0.1193136928102721,0.02891424556827694,0.17004189356825258,0.7863382749612464
CAVT,"(37.5625, 12.708333969116211)",10,100,0.5,5,5,0.12495085806228703,0.031951049685543104,0.17874856554821106,0.7960871112205847
CAVT,"(37.5625, 12.833333969116211)",10,100,0.5,5,5,0.11631241355341654,0.027398364621543284,0.16552451365747395,0.7806998083499099
CAVT,"(37.5625, 12.666667938232422)",10,100,0.5,5,5,0.12861543493674765,0.033962535100230305,0.1842892701711912,0.8009045596192996
CAVT,sea_mean,10,100,0.5,5,5,0.12184238493772566,0.03030433934457901,0.17408141585068468,0.7923826714278945
CAVT,sea_median,10,100,0.5,5,5,0.1220717240265307,0.030376781896755713,0.17428936254618557,0.7911043889729645
CAVT,sea_mode,10,100,0.5,5,5,0.11637241331095241,0.02742176980545908,0.16559519861837504,0.780886226557832
CSLB,"(38.0625, 14.041667938232422)",10,100,sqrt,5,1,0.15355042345630832,0.047557627873200316,0.21807711451044173,0.8266579177550526
CSLB,"(38.0625, 14.083335876464844)",10,100,sqrt,5,1,0.1558238328589858,0.04873716324447313,0.22076495021735928,0.8240055770075322
CSLB,"(38.0625, 14.0)",10,100,sqrt,5,1,0.15128885423420108,0.04642852560286856,0.21547279550529938,0.8290037890703765
CSLB,"(38.0625, 14.125)",10,100,sqrt,5,1,0.15817583124306503,0.050001352249396426,0.22360982145110805,0.8210001283750619
CSLB,"(38.020835876464844, 13.916667938232422)",10,100,sqrt,5,1,0.14747992400983936,0.043202329665621375,0.2078517011371843,0.8109172660562942
CSLB,sea_mean,10,100,sqrt,5,1,0.15279048088357472,0.04683649315898813,0.21641740493543518,0.8235119442019462
CSLB,sea_median,10,100,sqrt,5,1,0.1540315703201428,0.04766750457475008,0.2183288908384552,0.8250692101015229
CSLB,sea_mode,10,100,sqrt,5,1,0.14745761285765516,0.04335972376262514,0.20822997805941665,0.8100958964021349
CSLB,"(38.0625, 14.041667938232422)",10,100,sqrt,5,3,0.15288919972612672,0.04764923388791809,0.21828704470929577,0.8263240243703851
CSLB,"(38.0625, 14.083335876464844)",10,100,sqrt,5,3,0.15518036639781055,0.04881039575495386,0.22093074877652016,0.8237411276106377
CSLB,"(38.0625, 14.0)",10,100,sqrt,5,3,0.1506367084964604,0.04653961528825787,0.2157304227230315,0.828594645876009
CSLB,"(38.0625, 14.125)",10,100,sqrt,5,3,0.15750557843115018,0.05005946894745243,0.2237397348426346,0.820792076372
CSLB,"(38.020835876464844, 13.916667938232422)",10,100,sqrt,5,3,0.14713074197699047,0.043215273184554065,0.20788283523310447,0.8108606164273139
CSLB,sea_mean,10,100,sqrt,5,3,0.15215255365760474,0.046906842984788366,0.2165798766847658,0.8232468538174234
CSLB,sea_median,10,100,sqrt,5,3,0.1533891623526038,0.04774780622485783,0.21851271410345402,0.8247745181261652
CSLB,sea_mode,10,100,sqrt,5,3,0.14712233085977386,0.0433459833003132,0.20819698196735034,0.8101560759870569
CSLB,"(38.0625, 14.041667938232422)",10,100,sqrt,5,5,0.1546761638374298,0.048889907402427706,0.2211106225454302,0.8218019121455142
CSLB,"(38.0625, 14.083335876464844)",10,100,sqrt,5,5,0.15702147089374752,0.050108937170911944,0.22385025613322837,0.8190519739541766
CSLB,"(38.0625, 14.0)",10,100,sqrt,5,5,0.15235554628809775,0.04772838074827001,0.21846826027656743,0.8242164239379527
CSLB,"(38.0625, 14.125)",10,100,sqrt,5,5,0.15941119856783742,0.05142042351276519,0.22676071862817243,0.815919994287834
CSLB,"(38.020835876464844, 13.916667938232422)",10,100,sqrt,5,5,0.1486152568390726,0.04443413751749348,0.21079406423686003,0.8055260383579731
CSLB,sea_mean,10,100,sqrt,5,5,0.15395628808315814,0.048166271074699285,0.21946815503552966,0.8185011096334743
CSLB,sea_median,10,100,sqrt,5,5,0.15518645038568488,0.04901037354224371,0.2213828664152755,0.8201411331797398
CSLB,sea_mode,10,100,sqrt,5,5,0.14865101567276498,0.04457911226558804,0.21113766188339786,0.804755297788997
CSLB,"(38.0625, 14.041667938232422)",10,100,log2,5,1,0.1539871234135496,0.04800548173464521,0.21910153293540693,0.8250255419542392
CSLB,"(38.0625, 14.083335876464844)",10,100,log2,5,1,0.15634748167597232,0.04920639340009019,0.22182514149683347,0.8223111433353414
CSLB,"(38.0625, 14.0)",10,100,log2,5,1,0.15165145653408948,0.04686242261729126,0.2164773027762755,0.8274057468229318
CSLB,"(38.0625, 14.125)",10,100,log2,5,1,0.15878975426590194,0.05050122779471435,0.22472478233322277,0.8192106236033898
CSLB,"(38.020835876464844, 13.916667938232422)",10,100,log2,5,1,0.14841370597267686,0.04378385731997911,0.20924592545609844,0.8083721061169837
CSLB,sea_mean,10,100,log2,5,1,0.15335602920128893,0.04732388664979372,0.21754054024432715,0.8216753607218613
CSLB,sea_median,10,100,log2,5,1,0.15453833738263556,0.048130672139779486,0.21938703731027384,0.8233694721200875
CSLB,sea_mode,10,100,log2,5,1,0.14826342143801496,0.043906881848536146,0.20953969038952058,0.8076994889342252
CSLB,"(38.0625, 14.041667938232422)",10,100,log2,5,3,0.15549004136502156,0.049371856764934344,0.22219778748883695,0.8200452621659091
CSLB,"(38.0625, 14.083335876464844)",10,100,log2,5,3,0.1577631533507713,0.050560987670640475,0.22485770538418395,0.8174195776149784
CSLB,"(38.0625, 14.0)",10,100,log2,5,3,0.1532785675051755,0.04823823702164297,0.219632049167791,0.8223386238197408
CSLB,"(38.0625, 14.125)",10,100,log2,5,3,0.1600737613292035,0.05184053489592007,0.2276851661745228,0.8144160372892749
CSLB,"(38.020835876464844, 13.916667938232422)",10,100,log2,5,3,0.1493729430400082,0.04473388477766403,0.21150386468730076,0.8042141407847669
CSLB,sea_mean,10,100,log2,5,3,0.15467744342116174,0.04859659620246473,0.2204463567457279,0.8168795696752507
CSLB,sea_median,10,100,log2,5,3,0.15597720810407686,0.04947123065531417,0.22242129092178692,0.8184498741230941
CSLB,sea_mode,10,100,log2,5,3,0.1494098478043013,0.04487954200272861,0.21184792187493512,0.803439495127565
CSLB,"(38.0625, 14.041667938232422)",10,100,log2,5,5,0.15361239234492313,0.04854703940645113,0.22033392704359248,0.8230516265449834
CSLB,"(38.0625, 14.083335876464844)",10,100,log2,5,5,0.15584219654321835,0.049746467253962846,0.2230391608080582,0.8203608864890648
CSLB,"(38.0625, 14.0)",10,100,log2,5,5,0.15141706430743065,0.04740789584105102,0.217733543215213,0.8253967695139318
CSLB,"(38.0625, 14.125)",10,100,log2,5,5,0.15815213974009337,0.051037222660956096,0.22591419313747443,0.8172918152525606
CSLB,"(38.020835876464844, 13.916667938232422)",10,100,log2,5,5,0.14784719545577238,0.04409794456792202,0.20999510605707464,0.8069974470187925
CSLB,sea_mean,10,100,log2,5,5,0.15284234325645377,0.047815666495452075,0.2186679365966855,0.8198222486934631
CSLB,sea_median,10,100,log2,5,5,0.15406693136231803,0.04865139582413274,0.22057061414461523,0.8214585139896924
CSLB,sea_mode,10,100,log2,5,5,0.1478402483139716,0.04419393922968488,0.21022354584985212,0.8064422536495487
CSLB,"(38.0625, 14.041667938232422)",10,100,0.5,5,1,0.15331089926898456,0.04926892442326498,0.22196604340138376,0.8204204387092575
CSLB,"(38.0625, 14.083335876464844)",10,100,0.5,5,1,0.15541920059709782,0.05041718487974035,0.22453771371362172,0.8179388628487583
CSLB,"(38.0625, 14.0)",10,100,0.5,5,1,0.15126639068332784,0.04815278504971369,0.21943742855245477,0.8226533433424186
CSLB,"(38.0625, 14.125)",10,100,0.5,5,1,0.15756558896158313,0.05164176471534139,0.22724824469144175,0.8151276147807993
CSLB,"(38.020835876464844, 13.916667938232422)",10,100,0.5,5,1,0.14736300883407455,0.044610346121393446,0.21121161455136278,0.8047548298414953
CSLB,sea_mean,10,100,0.5,5,1,0.15254649157129457,0.048470814567534916,0.22016088337289827,0.8173535367617383
CSLB,sea_median,10,100,0.5,5,1,0.15378724165593757,0.04935672619444494,0.22216373735253228,0.8188700839907062
CSLB,sea_mode,10,100,0.5,5,1,0.14732921541477093,0.04473973842259717,0.21151770238586928,0.8040517977729873
CSLB,"(38.0625, 14.041667938232422)",10,100,0.5,5,3,0.15257382621072835,0.04858859964823088,0.2204282188110925,0.822900144245069
CSLB,"(38.0625, 14.083335876464844)",10,100,0.5,5,3,0.15468136252158687,0.04974813310714811,0.22304289521782153,0.8203548709384949
CSLB,"(38.0625, 14.0)",10,100,0.5,5,3,0.15050597308650818,0.047468637994012415,0.21787298592072496,0.8251730562285058
CSLB,"(38.0625, 14.125)",10,100,0.5,5,3,0.15682145253971513,0.05098633280144301,0.22580153409895826,0.8174739958918844
CSLB,"(38.020835876464844, 13.916667938232422)",10,100,0.5,5,3,0.14634319727288989,0.04389039002257897,0.2095003341824995,0.8079058466625074
CSLB,sea_mean,10,100,0.5,5,3,0.15176733413817795,0.04778392093281876,0.21859533602714115,0.8199418714972104
CSLB,sea_median,10,100,0.5,5,3,0.1530015221694791,0.04867358049515685,0.2206208976845957,0.8213771004132843
CSLB,sea_mode,10,100,0.5,5,3,0.14619618181502325,0.04402082519304694,0.20981140386796648,0.8072004472701517
CSLB,"(38.0625, 14.041667938232422)",10,100,0.5,5,5,0.15187815168158844,0.047856131192937815,0.21876044247746854,0.8255699074964609
CSLB,"(38.0625, 14.083335876464844)",10,100,0.5,5,5,0.15392991477341636,0.04899386856801312,0.2213455862853676,0.8230785902424451
CSLB,"(38.0625, 14.0)",10,100,0.5,5,5,0.14978510013613833,0.046765429056538056,0.2162531596452132,0.8277629740051007
CSLB,"(38.0625, 14.125)",10,100,0.5,5,5,0.1560367498944816,0.0502173692383474,0.2240923230241219,0.8202268090236539
CSLB,"(38.020835876464844, 13.916667938232422)",10,100,0.5,5,5,0.1459623721402999,0.04333761797064007,0.20817689105815773,0.8103251525572878
CSLB,sea_mean,10,100,0.5,5,5,0.1510565289071393,0.047080890048480525,0.2169813126711158,0.8225910141971486
CSLB,sea_median,10,100,0.5,5,5,0.15229128493240912,0.047939050788866566,0.21894988191105874,0.8240726864917155
CSLB,sea_mode,10,100,0.5,5,5,0.14584262311120597,0.04345700243857768,0.20846343189772562,0.8096698415716869
HAGA,"(37.3125, 15.166667938232422)",10,100,sqrt,5,1,0.1578802587842806,0.06828114159654917,0.26130660457889154,0.7270665569437864
HAGA,"(37.3125, 15.125)",10,100,sqrt,5,1,0.1566239633685532,0.06862025550157691,0.2619546821524229,0.6999234251066402
HAGA,"(37.3125, 15.208335876464844)",10,100,sqrt,5,1,0.16269602182583934,0.0695342725187652,0.2636935200545611,0.756231344995663
HAGA,"(37.35416793823242, 15.166667938232422)",10,100,sqrt,5,1,0.16082106542557426,0.06280403655291998,0.2506073353932801,0.7584411555943977
HAGA,"(37.35416793823242, 15.125)",10,100,sqrt,5,1,0.1589014015062419,0.0623582349370292,0.24971630891279248,0.7380909326619984
HAGA,sea_mean,10,100,sqrt,5,1,0.15855060613929692,0.06553012763275225,0.2559885302757767,0.7392232202127937
HAGA,sea_median,10,100,sqrt,5,1,0.15925193899016685,0.06540750347315041,0.2557489070810478,0.7390422622066022
HAGA,sea_mode,10,100,sqrt,5,1,0.15467314445233146,0.06240993113230698,0.24981979731860118,0.7222205103375653
HAGA,"(37.3125, 15.166667938232422)",10,100,sqrt,5,3,0.15773918091052677,0.069241702713448,0.2631381817856314,0.7232270011488615
HAGA,"(37.3125, 15.125)",10,100,sqrt,5,3,0.15644207745499245,0.06915863002737159,0.26298028448416355,0.6975691117551459
HAGA,"(37.3125, 15.208335876464844)",10,100,sqrt,5,3,0.16269080733216648,0.0710788948722212,0.2666062543756639,0.7508163100790327
HAGA,"(37.35416793823242, 15.166667938232422)",10,100,sqrt,5,3,0.16077908170849475,0.0640613746067376,0.2531034859632273,0.7536051427522701
HAGA,"(37.35416793823242, 15.125)",10,100,sqrt,5,3,0.15878521015403607,0.06326529200826637,0.25152592710944605,0.7342812277883763
HAGA,sea_mean,10,100,sqrt,5,3,0.1584153507216479,0.06659264417285143,0.25805550599212457,0.7349949415292769
HAGA,sea_median,10,100,sqrt,5,3,0.15914424109010442,0.0664526754547237,0.25778416447626046,0.7348723168420253
HAGA,sea_mode,10,100,sqrt,5,3,0.15493471970860886,0.06503497621680086,0.2550195604591947,0.7105367338827291
HAGA,"(37.3125, 15.166667938232422)",10,100,sqrt,5,5,0.158542908207273,0.06994339268738525,0.2644681317047202,0.7204222053287166
HAGA,"(37.3125, 15.125)",10,100,sqrt,5,5,0.1573719423523912,0.0700177682112644,0.2646087077389261,0.6938120980031827
HAGA,"(37.3125, 15.208335876464844)",10,100,sqrt,5,5,0.1633209646566708,0.0715307090730734,0.2674522556888863,0.749232369727548
HAGA,"(37.35416793823242, 15.166667938232422)",10,100,sqrt,5,5,0.1614495937749632,0.06448342713995618,0.2539358721015134,0.7519818311341254
HAGA,"(37.35416793823242, 15.125)",10,100,sqrt,5,5,0.15962193942971745,0.0638691625011619,0.2527234902045354,0.7317449283285389
HAGA,sea_mean,10,100,sqrt,5,5,0.1591337042032986,0.0671891494670585,0.2592086986716659,0.7326211520164423
HAGA,sea_median,10,100,sqrt,5,5,0.15986744815586731,0.06694611035579001,0.25873946424113586,0.7329036488957944
HAGA,sea_mode,10,100,sqrt,5,5,0.15587921401524313,0.06606861824664585,0.2570381649612482,0.7059361110277658
HAGA,"(37.3125, 15.166667938232422)",10,100,log2,5,1,0.1581642709257167,0.06827991192789494,0.26130425164527066,0.7270714721764813
HAGA,"(37.3125, 15.125)",10,100,log2,5,1,0.15697428985831902,0.06876163319267006,0.2622243947322027,0.6993051800564072
HAGA,"(37.3125, 15.208335876464844)",10,100,log2,5,1,0.16287965071090524,0.06937616567281679,0.26339355662737235,0.7567856255221964
HAGA,"(37.35416793823242, 15.166667938232422)",10,100,log2,5,1,0.1611145235882425,0.06271127977556686,0.2504222030403192,0.7587979196047703
HAGA,"(37.35416793823242, 15.125)",10,100,log2,5,1,0.15926020758416057,0.06239717971108554,0.24979427477643587,0.7379273618126778
HAGA,sea_mean,10,100,log2,5,1,0.15879049955365157,0.06550916328860697,0.25594757918098576,0.7393066477041486
HAGA,sea_median,10,100,log2,5,1,0.15951696750967306,0.06540512599774792,0.2557442589731936,0.7390517476718736
HAGA,sea_mode,10,100,log2,5,1,0.15527859691849696,0.06375279617878803,0.25249316065744837,0.7162435710823971
HAGA,"(37.3125, 15.166667938232422)",10,100,log2,5,3,0.15772281722162607,0.06886662399982393,0.26242451104998543,0.7247262661337879
HAGA,"(37.3125, 15.125)",10,100,log2,5,3,0.15658327791186263,0.06887559466888715,0.262441602397347,0.6988068261927696
HAGA,"(37.3125, 15.208335876464844)",10,100,log2,5,3,0.1625010203888268,0.07063073319164308,0.26576443176550746,0.7523874456664443
HAGA,"(37.35416793823242, 15.166667938232422)",10,100,log2,5,3,0.1607693545230121,0.06382208663111875,0.25263033592804873,0.7545254996280888
HAGA,"(37.35416793823242, 15.125)",10,100,log2,5,3,0.15880757853184466,0.0631266292890782,0.2512501329135533,0.7348636211722462
HAGA,sea_mean,10,100,log2,5,3,0.15835866158058046,0.06628979509106482,0.2574680467379687,0.7362001277720449
HAGA,sea_median,10,100,log2,5,3,0.15911488048294153,0.06618715433297545,0.25726864234293195,0.7359316722307573
HAGA,sea_mode,10,100,log2,5,3,0.1550617597047625,0.06467664318244251,0.25431603013267273,0.7121316333740014
HAGA,"(37.3125, 15.166667938232422)",10,100,log2,5,5,0.15847612364757246,0.06968877740737066,0.26398632049288207,0.7214399537641443
HAGA,"(37.3125, 15.125)",10,100,log2,5,5,0.15717960123896607,0.06959998647354278,0.26381809352950525,0.6956390587451988
HAGA,"(37.3125, 15.208335876464844)",10,100,log2,5,5,0.1634245058872959,0.07158178883316847,0.26754773187819864,0.7490532976819901
HAGA,"(37.35416793823242, 15.166667938232422)",10,100,log2,5,5,0.16180078105818724,0.06467906120987114,0.25432078406978686,0.7512293772721002
HAGA,"(37.35416793823242, 15.125)",10,100,log2,5,5,0.15985754270258207,0.06391814442654056,0.25282037976899835,0.7315392007224689
HAGA,sea_mean,10,100,log2,5,5,0.15927627232817065,0.06712138288428396,0.25907794750669916,0.7328908287570732
HAGA,sea_median,10,100,log2,5,5,0.1599751426622666,0.06692023957123601,0.25868946552041117,0.7330068661270548
HAGA,sea_mode,10,100,log2,5,5,0.1558211452821974,0.06579295099604376,0.25650136646038313,0.7071630745382134
HAGA,"(37.3125, 15.166667938232422)",10,100,0.5,5,1,0.15837973588822432,0.06936942331901984,0.26338075730588184,0.7227164762248068
HAGA,"(37.3125, 15.125)",10,100,0.5,5,1,0.15738043986165004,0.06964570283368701,0.26390472302269813,0.6954391409706526
HAGA,"(37.3125, 15.208335876464844)",10,100,0.5,5,1,0.1627919682751081,0.07063607186940639,0.2657744755792143,0.752368729682934
HAGA,"(37.35416793823242, 15.166667938232422)",10,100,0.5,5,1,0.16078560010993895,0.06377344997005564,0.25253405704984755,0.7547125674709694
HAGA,"(37.35416793823242, 15.125)",10,100,0.5,5,1,0.15907870300458393,0.06329296736456415,0.2515809360117816,0.7341649893033788
HAGA,sea_mean,10,100,0.5,5,1,0.15872486924574128,0.06655179687962863,0.2579763494579079,0.7351574931063067
HAGA,sea_median,10,100,0.5,5,1,0.1595663459527083,0.06648564934261393,0.25784811293203974,0.7347407602050468
HAGA,sea_mode,10,100,0.5,5,1,0.15541656474286006,0.06400151802003343,0.2529852130462044,0.7151365385176186
HAGA,"(37.3125, 15.166667938232422)",10,100,0.5,5,3,0.15829357911234918,0.07048488645230475,0.26548989896473413,0.7182577459450965
HAGA,"(37.3125, 15.125)",10,100,0.5,5,3,0.1572598506929887,0.07041935125438761,0.26536644711490487,0.6920559741992878
HAGA,"(37.3125, 15.208335876464844)",10,100,0.5,5,3,0.16281354734005207,0.0722838520188126,0.2688565640240398,0.7465920509860339
HAGA,"(37.35416793823242, 15.166667938232422)",10,100,0.5,5,3,0.1608791763055061,0.06522227544549425,0.2553865216598054,0.7491400497348291
HAGA,"(37.35416793823242, 15.125)",10,100,0.5,5,3,0.15910918647790542,0.06449229583394019,0.25395333396894043,0.7291277235571083
HAGA,sea_mean,10,100,0.5,5,3,0.1587568133277021,0.06780659572705847,0.26039699638639935,0.7301640280462767
HAGA,sea_median,10,100,0.5,5,3,0.15943322586076836,0.06768491381249983,0.26016324454561185,0.7299560286916984
HAGA,sea_mode,10,100,0.5,5,3,0.15574402413661625,0.06658657000064495,0.25804373660417523,0.7036307668095415
HAGA,"(37.3125, 15.166667938232422)",10,100,0.5,5,5,0.15804321431670357,0.07071952585390295,0.26593143073714126,0.717319845109559
HAGA,"(37.3125, 15.125)",10,100,0.5,5,5,0.15710476744082713,0.0706964584812498,0.26588805629672385,0.6908441834983178
HAGA,"(37.3125, 15.208335876464844)",10,100,0.5,5,5,0.16269626512766305,0.07239217945694663,0.2690579481393304,0.7462122838160117
HAGA,"(37.35416793823242, 15.166667938232422)",10,100,0.5,5,5,0.16070136171050878,0.06523301064308608,0.25540753834428237,0.7490987596829937
HAGA,"(37.35416793823242, 15.125)",10,100,0.5,5,5,0.15893384614061978,0.06452370269782431,0.25401516233844057,0.7289958124721296
HAGA,sea_mean,10,100,0.5,5,5,0.1585269484937074,0.06792854757866053,0.2606310564354535,0.7296787213286079
HAGA,sea_median,10,100,0.5,5,5,0.15917643248952637,0.0677262674006359,0.2602427086406762,0.7297910393825734
HAGA,sea_mode,10,100,0.5,5,5,0.15552727007858969,0.06685564029332094,0.25856457664057725,0.7024331656068674
MSDA,"(35.9375, 14.541667938232422)",10,100,sqrt,5,1,0.14744390542177585,0.04580765990733454,0.21402724104032772,0.8009911767358686
MSDA,"(35.895835876464844, 14.583335876464844)",10,100,sqrt,5,1,0.16568879687975044,0.05881221659064463,0.24251230193671544,0.7809669165152265
MSDA,"(35.97916793823242, 14.5)",10,100,sqrt,5,1,0.159068059892085,0.06425460816107952,0.2534849268912838,0.7992600339924999
MSDA,"(35.97916793823242, 14.458335876464844)",10,100,sqrt,5,1,0.14990909830075266,0.05388772011533044,0.2321372872145499,0.7901285004788909
MSDA,"(35.9375, 14.583335876464844)",10,100,sqrt,5,1,0.15264008754776529,0.05363244379865402,0.23158679538923202,0.8434437380791775
MSDA,sea_mean,10,100,sqrt,5,1,0.14325939386001751,0.04526816489686548,0.2127631662127293,0.8324062928046864
MSDA,sea_median,10,100,sqrt,5,1,0.1479015533560179,0.049464762676423524,0.22240675051900632,0.8187040530330553
MSDA,sea_mode,10,100,sqrt,5,1,0.14215537465622424,0.041118420022147315,0.2027767738725205,0.7898270068719887
MSDA,"(35.9375, 14.541667938232422)",10,100,sqrt,5,3,0.14838264563674688,0.046906294663757536,0.21657861081777566,0.7962182193196832
MSDA,"(35.895835876464844, 14.583335876464844)",10,100,sqrt,5,3,0.16635481352167736,0.05869518326807084,0.24227088819763476,0.781402781221572
MSDA,"(35.97916793823242, 14.5)",10,100,sqrt,5,3,0.15968019639115127,0.06531381556834,0.25556567760233373,0.7959509287778929
MSDA,"(35.97916793823242, 14.458335876464844)",10,100,sqrt,5,3,0.1504430182404278,0.054659419765986594,0.23379354089877374,0.7871230335094868
MSDA,"(35.9375, 14.583335876464844)",10,100,sqrt,5,3,0.15372734161440768,0.053938131909890046,0.23224584368700776,0.8425514164801764
MSDA,sea_mean,10,100,sqrt,5,3,0.1442354488747423,0.04613377285024745,0.21478773905939663,0.829201602572256
MSDA,sea_median,10,100,sqrt,5,3,0.14866191639223458,0.050314941426610665,0.2243099227109908,0.8155880174297991
MSDA,sea_mode,10,100,sqrt,5,3,0.14311559379145747,0.04187063893228717,0.20462316323497487,0.7859821096277262
MSDA,"(35.9375, 14.541667938232422)",10,100,sqrt,5,5,0.14873358768698589,0.04778523242581651,0.21859833582581664,0.7923997232405643
MSDA,"(35.895835876464844, 14.583335876464844)",10,100,sqrt,5,5,0.16627761254828138,0.05869158050620002,0.2422634526836436,0.7814161989107422
MSDA,"(35.97916793823242, 14.5)",10,100,sqrt,5,5,0.15989676579735806,0.06696156576373308,0.2587693292562569,0.7908031373948553
MSDA,"(35.97916793823242, 14.458335876464844)",10,100,sqrt,5,5,0.15058489295906666,0.055993706109028166,0.2366298926784783,0.7819265123910324
MSDA,"(35.9375, 14.583335876464844)",10,100,sqrt,5,5,0.15358355253672634,0.05429899759153488,0.23302145307146052,0.8414980283036853
MSDA,sea_mean,10,100,sqrt,5,5,0.14438558083801795,0.04693505595187097,0.21664499983122382,0.8262350585159639
MSDA,sea_median,10,100,sqrt,5,5,0.14900271223629644,0.05156826929123648,0.2270864797631873,0.8109943784475646
MSDA,sea_mode,10,100,sqrt,5,5,0.14347152648505235,0.04285130534872584,0.20700556840028686,0.78096952412731
MSDA,"(35.9375, 14.541667938232422)",10,100,log2,5,1,0.14825407053419826,0.046604195596495146,0.21588004909322941,0.7975306718659756
MSDA,"(35.895835876464844, 14.583335876464844)",10,100,log2,5,1,0.16669548912009238,0.05943627632577825,0.24379556256375595,0.7786427441580372
MSDA,"(35.97916793823242, 14.5)",10,100,log2,5,1,0.16005202404006705,0.0653409512846721,0.2556187616053878,0.7958661531807802
MSDA,"(35.97916793823242, 14.458335876464844)",10,100,log2,5,1,0.15080313380761418,0.0545206072480699,0.23349648230341694,0.7876636537328907
MSDA,"(35.9375, 14.583335876464844)",10,100,log2,5,1,0.15370921695008566,0.054689255159809144,0.23385733933278455,0.840358843479203
MSDA,sea_mean,10,100,log2,5,1,0.14427546559205676,0.04611500946463154,0.21474405571431202,0.8292710691689706
MSDA,sea_median,10,100,log2,5,1,0.14908904249224522,0.05036421985483233,0.22441974034124612,0.815407404427207
MSDA,sea_mode,10,100,log2,5,1,0.14295841886666397,0.04161756605012539,0.20400383832204086,0.7872756682103474
MSDA,"(35.9375, 14.541667938232422)",10,100,log2,5,3,0.14822601937099678,0.04691136460928046,0.21659031513269578,0.7961961932241661
MSDA,"(35.895835876464844, 14.583335876464844)",10,100,log2,5,3,0.1657393920695634,0.05824467447353171,0.24133933470019286,0.7830806015134297
MSDA,"(35.97916793823242, 14.5)",10,100,log2,5,3,0.15985018018755148,0.06541978532580997,0.25577291749872577,0.7956198651215864
MSDA,"(35.97916793823242, 14.458335876464844)",10,100,log2,5,3,0.15035028057596264,0.05456184238165128,0.23358476487487637,0.7875030590872245
MSDA,"(35.9375, 14.583335876464844)",10,100,log2,5,3,0.15322003289015454,0.05401594259830085,0.23241330125081233,0.8423242824983497
MSDA,sea_mean,10,100,log2,5,3,0.1439166108663288,0.04614447148343046,0.21481264274579012,0.8291619936417604
MSDA,sea_median,10,100,log2,5,3,0.14870799511734648,0.05050768579383225,0.22473915055866933,0.8148815797418925
MSDA,sea_mode,10,100,log2,5,3,0.1427972201398098,0.041778798592202446,0.20439862668864106,0.7864515430143958
MSDA,"(35.9375, 14.541667938232422)",10,100,log2,5,5,0.1488891336974271,0.047936183572191295,0.21894333415793069,0.7917439244053655
MSDA,"(35.895835876464844, 14.583335876464844)",10,100,log2,5,5,0.16762908409000005,0.06068905635289451,0.24635148944728244,0.7739770422312192
MSDA,"(35.97916793823242, 14.5)",10,100,log2,5,5,0.1599393373962298,0.06508070118551623,0.25510919463146803,0.7966792092020235
MSDA,"(35.97916793823242, 14.458335876464844)",10,100,log2,5,5,0.15067757204972484,0.054457345530885014,0.23336097688106514,0.7879100332683295
MSDA,"(35.9375, 14.583335876464844)",10,100,log2,5,5,0.1542947988972904,0.055431877022148114,0.23543975242543072,0.8381910865292318
MSDA,sea_mean,10,100,log2,5,5,0.14447381513313312,0.047007617689931024,0.21681240206669689,0.8259664173923459
MSDA,sea_median,10,100,log2,5,5,0.14915815908816432,0.050776978111288736,0.22533747604712523,0.8138945820679409
MSDA,sea_mode,10,100,log2,5,5,0.14316900180231204,0.042421917516277885,0.20596581637805308,0.7831643002376208
MSDA,"(35.9375, 14.541667938232422)",10,100,0.5,5,1,0.1477580506423252,0.04609669191384251,0.2147014017509958,0.7997354933061283
MSDA,"(35.895835876464844, 14.583335876464844)",10,100,0.5,5,1,0.1663875346855648,0.058867846897306085,0.24262697067165903,0.7807597337510048
MSDA,"(35.97916793823242, 14.5)",10,100,0.5,5,1,0.15914897411786827,0.0642989109930204,0.2535722993408791,0.7991216260365203
MSDA,"(35.97916793823242, 14.458335876464844)",10,100,0.5,5,1,0.15036271080487626,0.05436172810080902,0.23315601665153105,0.7882824255942148
MSDA,"(35.9375, 14.583335876464844)",10,100,0.5,5,1,0.15376036442185728,0.053463075304657874,0.23122083665763749,0.8439381346874457
MSDA,sea_mean,10,100,0.5,5,1,0.14400608010031407,0.045505431934465934,0.2133200223478001,0.831527872782198
MSDA,sea_median,10,100,0.5,5,1,0.1479460743893916,0.04956585954991692,0.22263391374612476,0.8183335174755457
MSDA,sea_mode,10,100,0.5,5,1,0.14272580894233078,0.04199864614683472,0.2049357122290664,0.7853278126141505
MSDA,"(35.9375, 14.541667938232422)",10,100,0.5,5,3,0.14710573915260583,0.04642906163925224,0.2154740393626393,0.7982915315740464
MSDA,"(35.895835876464844, 14.583335876464844)",10,100,0.5,5,3,0.1664345865910657,0.0589806788828607,0.2428593808829725,0.7803395159944839
MSDA,"(35.97916793823242, 14.5)",10,100,0.5,5,3,0.15788610725770047,0.06335416055528859,0.25170252393507814,0.8020731524123472
MSDA,"(35.97916793823242, 14.458335876464844)",10,100,0.5,5,3,0.14919961545641577,0.05354829171164129,0.23140503821576852,0.7914504407634277
MSDA,"(35.9375, 14.583335876464844)",10,100,0.5,5,3,0.15300641785580776,0.05321790297063217,0.23069005823969133,0.8446538071689303
MSDA,sea_mean,10,100,0.5,5,3,0.1429514993031801,0.04547061151125199,0.21323839126961167,0.8316567864199792
MSDA,sea_median,10,100,0.5,5,3,0.14687505967239706,0.04933994172106878,0.2221259591337059,0.8191615409917136
MSDA,sea_mode,10,100,0.5,5,3,0.14209894899511707,0.04187359969213114,0.20463039777152156,0.785966975978184
MSDA,"(35.9375, 14.541667938232422)",10,100,0.5,5,5,0.14677764225263729,0.04608687005602701,0.2146785272355552,0.7997781638195334
MSDA,"(35.895835876464844, 14.583335876464844)",10,100,0.5,5,5,0.16615139822415365,0.05873626912765597,0.2423556665887059,0.7812497660312895
MSDA,"(35.97916793823242, 14.5)",10,100,0.5,5,5,0.15751727798563805,0.06283992832333889,0.2506789347419102,0.8036796824919139
MSDA,"(35.97916793823242, 14.458335876464844)",10,100,0.5,5,5,0.14872692445232383,0.05309042675869551,0.23041359933540276,0.7932336448783399
MSDA,"(35.9375, 14.583335876464844)",10,100,0.5,5,5,0.15226823794825864,0.0525760033357319,0.22929457764136485,0.8465275500053672
MSDA,sea_mean,10,100,0.5,5,5,0.14242182977900394,0.04508809194703097,0.21233956754931704,0.8330729664659031
MSDA,sea_median,10,100,0.5,5,5,0.14645234277033004,0.048927303714429375,0.2211951710920231,0.8206739226169447
MSDA,sea_mode,10,100,0.5,5,5,0.1419408761233585,0.04163331574255545,0.20404243613169162,0.7871951651171574
MUCR,"(38.1875, 14.875)",10,100,sqrt,5,1,0.1644708565704262,0.05744125642658316,0.23966905604725688,0.7795470351991534
MUCR,"(38.1875, 14.833335876464844)",10,100,sqrt,5,1,0.1615966779428295,0.05475351518126995,0.23399469049803234,0.7927001128565361
MUCR,"(38.1875, 14.791667938232422)",10,100,sqrt,5,1,0.16005009629273834,0.05342134391852163,0.23113057763636907,0.8012427335358904
MUCR,"(38.1875, 14.958335876464844)",10,100,sqrt,5,1,0.08586325945951273,0.015539409573116773,0.12465716815777893,0.8154798213478995
MUCR,"(38.145835876464844, 14.708335876464844)",10,100,sqrt,5,1,0.1596582311060769,0.05363782322163782,0.2315984093676764,0.7933089821388812
MUCR,sea_mean,10,100,sqrt,5,1,0.14463458202587876,0.04358399135155711,0.20876779289813147,0.8001860470846153
MUCR,sea_median,10,100,sqrt,5,1,0.1610614287795689,0.054339060234012915,0.23310740064187777,0.7930257553905079
MUCR,sea_mode,10,100,sqrt,5,1,0.11019083951677493,0.030310820555460118,0.17410003031435725,0.7070440687607669
MUCR,"(38.1875, 14.875)",10,100,sqrt,5,3,0.16432824834500495,0.05776535731838006,0.2403442475250449,0.7783031730879103
MUCR,"(38.1875, 14.833335876464844)",10,100,sqrt,5,3,0.16143405209994713,0.05504098021837852,0.23460814184162176,0.7916117540625297
MUCR,"(38.1875, 14.791667938232422)",10,100,sqrt,5,3,0.15986444516957496,0.05371187434579063,0.23175822390109618,0.8001617979151634
MUCR,"(38.1875, 14.958335876464844)",10,100,sqrt,5,3,0.08580973837898492,0.015536602407943367,0.12464590810750013,0.8155131545718464
MUCR,"(38.145835876464844, 14.708335876464844)",10,100,sqrt,5,3,0.15953719537721267,0.05407669118785727,0.23254395538877648,0.7916178235273599
MUCR,sea_mean,10,100,sqrt,5,3,0.14448971005070713,0.04380834549287109,0.20930443256861783,0.7991574793367171
MUCR,sea_median,10,100,sqrt,5,3,0.16090797937765647,0.05463422475481742,0.23373965165289654,0.791901491307435
MUCR,sea_mode,10,100,sqrt,5,3,0.11031965839061995,0.030256621723525196,0.17394430638432865,0.7075679037804267
MUCR,"(38.1875, 14.875)",10,100,sqrt,5,5,0.16444924915335388,0.057775739991235926,0.24036584614132667,0.7782633255783671
MUCR,"(38.1875, 14.833335876464844)",10,100,sqrt,5,5,0.16157095024343943,0.055026310246506456,0.23457687491845067,0.7916672954008969
MUCR,"(38.1875, 14.791667938232422)",10,100,sqrt,5,5,0.16000208833193896,0.05365671210558028,0.2316391851686158,0.8003670322891426
MUCR,"(38.1875, 14.958335876464844)",10,100,sqrt,5,5,0.08581513541551741,0.015461987900229042,0.12434624200284077,0.8163991523460028
MUCR,"(38.145835876464844, 14.708335876464844)",10,100,sqrt,5,5,0.15948873083521073,0.05391817881906988,0.23220288288277102,0.7922286440431899
MUCR,sea_mean,10,100,sqrt,5,5,0.14465920157861492,0.04375554494582763,0.20917826116933766,0.7993995472541722
MUCR,sea_median,10,100,sqrt,5,5,0.16102479661392874,0.05459689445450343,0.23365978356256223,0.7920436801983591
MUCR,sea_mode,10,100,sqrt,5,5,0.11016312200288245,0.030100787292547518,0.17349578465354,0.7090740530700069
MUCR,"(38.1875, 14.875)",10,100,log2,5,1,0.1665474295375538,0.057838157520430845,0.24049564969127996,0.7780237742484941
MUCR,"(38.1875, 14.833335876464844)",10,100,log2,5,1,0.16358826032621962,0.05507785386935706,0.23468671430091023,0.7914721483466024
MUCR,"(38.1875, 14.791667938232422)",10,100,log2,5,1,0.1619488565340335,0.05367960704235064,0.23168859929299637,0.8002818503241347
MUCR,"(38.1875, 14.958335876464844)",10,100,log2,5,1,0.08647547428834686,0.015618848261736516,0.1249753906244606,0.8145365396262206
MUCR,"(38.145835876464844, 14.708335876464844)",10,100,log2,5,1,0.16154389871899583,0.05390282466893715,0.23216981860038818,0.7922878105926268
MUCR,sea_mean,10,100,log2,5,1,0.1463548541654203,0.043821672183968804,0.2093362658116572,0.7990963821598652
MUCR,sea_median,10,100,log2,5,1,0.16307001052671335,0.05465735292451347,0.2337891206290692,0.7918133974863159
MUCR,sea_mode,10,100,log2,5,1,0.11070376531066739,0.030455817416388756,0.174515951753382,0.7056426652473782
MUCR,"(38.1875, 14.875)",10,100,log2,5,3,0.1655458141960403,0.058283612146625016,0.24141999119092233,0.7763141704003563
MUCR,"(38.1875, 14.833335876464844)",10,100,log2,5,3,0.16260376380059874,0.05544750295555687,0.23547293465610197,0.7900726361217121
MUCR,"(38.1875, 14.791667938232422)",10,100,log2,5,3,0.16089645083118947,0.05401929175729992,0.23242050631839678,0.7990180332717982
MUCR,"(38.1875, 14.958335876464844)",10,100,log2,5,3,0.08597023750409055,0.015469877390308884,0.12437796183532228,0.8163054698857937
MUCR,"(38.145835876464844, 14.708335876464844)",10,100,log2,5,3,0.160479937443879,0.05431050510838519,0.23304614373206262,0.7907168317584672
MUCR,sea_mean,10,100,log2,5,3,0.1453950694425383,0.04404197273958021,0.20986179437806254,0.7980863983680848
MUCR,sea_median,10,100,log2,5,3,0.1620617680731878,0.055033572273226354,0.23459235339888287,0.7903804003904518
MUCR,sea_mode,10,100,log2,5,3,0.11039109869302025,0.030236906848484072,0.17388762707129013,0.7077584492513541
MUCR,"(38.1875, 14.875)",10,100,log2,5,5,0.16505429802513563,0.05776053355787944,0.24033421220849818,0.7783216861283625
MUCR,"(38.1875, 14.833335876464844)",10,100,log2,5,5,0.1621253793683466,0.0550187063763421,0.23456066672897674,0.7916960840808877
MUCR,"(38.1875, 14.791667938232422)",10,100,log2,5,5,0.16049787531076368,0.053644001401916636,0.23161174711554816,0.8004143232131388
MUCR,"(38.1875, 14.958335876464844)",10,100,log2,5,5,0.08597884086865623,0.015487926849661425,0.12445049959586914,0.8160911445313692
MUCR,"(38.145835876464844, 14.708335876464844)",10,100,log2,5,5,0.16002797693257664,0.05389728067032147,0.23215787875995395,0.7923091741500582
MUCR,sea_mean,10,100,log2,5,5,0.14507505011199368,0.04374181538156238,0.20914544073816763,0.7994624914321277
MUCR,sea_median,10,100,log2,5,5,0.16158349296480015,0.054596071699116705,0.23365802297185667,0.7920468140246332
MUCR,sea_mode,10,100,log2,5,5,0.11021603151502203,0.030072091979460817,0.17341306749913865,0.7093513950229289
MUCR,"(38.1875, 14.875)",10,100,0.5,5,1,0.16264779896571488,0.057742423947478534,0.2402965333655035,0.7783911887394235
MUCR,"(38.1875, 14.833335876464844)",10,100,0.5,5,1,0.15993831033880257,0.05520450856536193,0.23495639715777464,0.7909926265460189
MUCR,"(38.1875, 14.791667938232422)",10,100,0.5,5,1,0.15855348790134421,0.05402133383651007,0.2324248993471011,0.79901043559544
MUCR,"(38.1875, 14.958335876464844)",10,100,0.5,5,1,0.08581331371248102,0.015970298022721992,0.12637364449410324,0.8103633068930756
MUCR,"(38.145835876464844, 14.708335876464844)",10,100,0.5,5,1,0.15811614936671292,0.05429165720000484,0.2330057020761613,0.7907894613532886
MUCR,sea_mean,10,100,0.5,5,1,0.14329495871722966,0.044088337488595204,0.2099722302796139,0.7978738358310311
MUCR,sea_median,10,100,0.5,5,1,0.15943116393164405,0.05481161438573865,0.23411880399860804,0.7912258247665828
MUCR,sea_mode,10,100,0.5,5,1,0.11021129081752505,0.03061794110422938,0.17497983056406638,0.7040757299062387
MUCR,"(38.1875, 14.875)",10,100,0.5,5,3,0.16191965376907544,0.057047093620068386,0.2388453340973367,0.7810597869165792
MUCR,"(38.1875, 14.833335876464844)",10,100,0.5,5,3,0.15930393441705784,0.0545297358302412,0.23351602906490423,0.7935473540621412
MUCR,"(38.1875, 14.791667938232422)",10,100,0.5,5,3,0.1579666266665708,0.053338175452605545,0.23095059093365738,0.8015521667273636
MUCR,"(38.1875, 14.958335876464844)",10,100,0.5,5,3,0.08550959436038325,0.01580361360154323,0.12571242421313508,0.8123425738034243
MUCR,"(38.145835876464844, 14.708335876464844)",10,100,0.5,5,3,0.15742843304718476,0.053617360198146356,0.23155422733810402,0.7933878355095054
MUCR,sea_mean,10,100,0.5,5,3,0.1428093138880935,0.04353305046017728,0.20864575351580314,0.800419589276507
MUCR,sea_median,10,100,0.5,5,3,0.15879470800626616,0.0541360520277632,0.23267155397203845,0.7937990015592329
MUCR,sea_mode,10,100,0.5,5,3,0.10953482499635916,0.03015202283907048,0.17364337833349847,0.7085788583847716
MUCR,"(38.1875, 14.875)",10,100,0.5,5,5,0.16116494895553782,0.056633615526096186,0.23797818287838107,0.7826466684955515
MUCR,"(38.1875, 14.833335876464844)",10,100,0.5,5,5,0.15855224207060328,0.05412430099548198,0.23264630019727797,0.7950823531432297
MUCR,"(38.1875, 14.791667938232422)",10,100,0.5,5,5,0.15723060295690744,0.0529445271361513,0.23009677776133958,0.803016758547554
MUCR,"(38.1875, 14.958335876464844)",10,100,0.5,5,5,0.0850524159385204,0.015611365726954025,0.12494545100544487,0.8146253897622788
MUCR,"(38.145835876464844, 14.708335876464844)",10,100,0.5,5,5,0.15674878862247632,0.0532519799980298,0.23076390531889904,0.7947958122119962
MUCR,sea_mean,10,100,0.5,5,5,0.1420956819942888,0.04317455729118154,0.20778488224888148,0.802063127074879
MUCR,sea_median,10,100,0.5,5,5,0.15801245167466144,0.053719042499163476,0.23177368810795473,0.7953873660212826
MUCR,sea_mode,10,100,0.5,5,5,0.10950176784790637,0.02986204810463714,0.1728063890735442,0.7113814818969373
WDD,"(35.85416793823242, 14.583335876464844)",10,100,sqrt,5,1,0.1579398725964196,0.04772610359902149,0.21846304858950744,0.7559864314336837
WDD,"(35.8125, 14.583335876464844)",10,100,sqrt,5,1,0.15851296896869463,0.04725582384256395,0.21738404689066756,0.7669193301030723
WDD,"(35.8125, 14.458335876464844)",10,100,sqrt,5,1,0.102377035402104,0.026597903436542197,0.16308863674867785,0.9150685092072585
WDD,"(35.770835876464844, 14.541667938232422)",10,100,sqrt,5,1,0.10922615539545687,0.026247483042046823,0.1620107497731148,0.9250631455873506
WDD,"(35.770835876464844, 14.5)",10,100,sqrt,5,1,0.10315458385038478,0.0253944347455254,0.15935631379247386,0.9325900049379772
WDD,sea_mean,10,100,sqrt,5,1,0.10207534344930229,0.021008275794769927,0.14494231885398387,0.9195374464767745
WDD,sea_median,10,100,sqrt,5,1,0.11408306691525517,0.028777073424525484,0.16963806596552994,0.9147584993524078
WDD,sea_mode,10,100,sqrt,5,1,0.09683398536073586,0.01965275799336585,0.14018829478014863,0.8590834614020594
WDD,"(35.85416793823242, 14.583335876464844)",10,100,sqrt,5,3,0.15815534482120353,0.047807189236022715,0.21864855187268611,0.7555718575600154
WDD,"(35.8125, 14.583335876464844)",10,100,sqrt,5,3,0.15855859699441394,0.04725477714124068,0.21738163938392008,0.7669244927650635
WDD,"(35.8125, 14.458335876464844)",10,100,sqrt,5,3,0.1043782244238074,0.02790500618746073,0.16704791584291237,0.9108947146253034
WDD,"(35.770835876464844, 14.541667938232422)",10,100,sqrt,5,3,0.10941374956423358,0.026131597216495224,0.16165270556503292,0.925394000901132
WDD,"(35.770835876464844, 14.5)",10,100,sqrt,5,3,0.10360437003951865,0.025639438063340493,0.16012319651861967,0.9319396391153236
WDD,sea_mean,10,100,sqrt,5,3,0.10222103277792365,0.020954139057314837,0.14475544569139648,0.9197447923902424
WDD,sea_median,10,100,sqrt,5,3,0.11411273161595986,0.028544551812668562,0.16895132971559756,0.9154472591451527
WDD,sea_mode,10,100,sqrt,5,3,0.09745139209287187,0.019952946650393207,0.14125489956243362,0.8569310130541512
WDD,"(35.85416793823242, 14.583335876464844)",10,100,sqrt,5,5,0.15910929927178502,0.04900167694602877,0.22136322401435332,0.7494646921568635
WDD,"(35.8125, 14.583335876464844)",10,100,sqrt,5,5,0.15982766716271912,0.048548611107135466,0.22033749364812033,0.7605428944141206
WDD,"(35.8125, 14.458335876464844)",10,100,sqrt,5,5,0.10289947337845011,0.027405048984121296,0.16554470388424178,0.9124911604020728
WDD,"(35.770835876464844, 14.541667938232422)",10,100,sqrt,5,5,0.11006271786983164,0.026708718484269544,0.16342802233481732,0.9237463132980057
WDD,"(35.770835876464844, 14.5)",10,100,sqrt,5,5,0.10406335904677269,0.02598875927973348,0.1612102952039152,0.9310123595082728
WDD,sea_mean,10,100,sqrt,5,5,0.10320588753395865,0.021619990132109523,0.1470373766499849,0.9171945556041515
WDD,sea_median,10,100,sqrt,5,5,0.11488778241314641,0.029166012105497196,0.1707805963963623,0.9136064114963276
WDD,sea_mode,10,100,sqrt,5,5,0.09746649878534432,0.020100031737493928,0.14177458071704507,0.8558763661002424
WDD,"(35.85416793823242, 14.583335876464844)",10,100,log2,5,1,0.15779626111367104,0.04734376501652451,0.2175862243261841,0.7579412485019178
WDD,"(35.8125, 14.583335876464844)",10,100,log2,5,1,0.158050698380197,0.04663324112876969,0.21594731100147946,0.7699901049663117
WDD,"(35.8125, 14.458335876464844)",10,100,log2,5,1,0.10201035665302385,0.02622890800427027,0.16195341306767905,0.9162467724577187
WDD,"(35.770835876464844, 14.541667938232422)",10,100,log2,5,1,0.10884943294157857,0.02596095569646556,0.16112403823286445,0.9258811843283099
WDD,"(35.770835876464844, 14.5)",10,100,log2,5,1,0.10290016606997658,0.025270539656003475,0.15896710243318735,0.9329188867365513
WDD,sea_mean,10,100,log2,5,1,0.10207440054365956,0.02086961870147867,0.1444632088162196,0.9200685088018941
WDD,sea_median,10,100,log2,5,1,0.11368351000384291,0.028427769758331372,0.16860536693216907,0.9157931830483084
WDD,sea_mode,10,100,log2,5,1,0.09718089696490961,0.019600900551260174,0.14000321621755757,0.8594552957901154
WDD,"(35.85416793823242, 14.583335876464844)",10,100,log2,5,3,0.15713452182308316,0.04712120236373511,0.21707418631365433,0.7590791647163443
WDD,"(35.8125, 14.583335876464844)",10,100,log2,5,3,0.15763582282840793,0.0466448045116103,0.21597408296277196,0.7699330707047201
WDD,"(35.8125, 14.458335876464844)",10,100,log2,5,3,0.1026805198292014,0.027291863064109585,0.16520249109535118,0.9128525817053074
WDD,"(35.770835876464844, 14.541667938232422)",10,100,log2,5,3,0.10862099437333832,0.025859251082712854,0.16080811883332524,0.9261715521255448
WDD,"(35.770835876464844, 14.5)",10,100,log2,5,3,0.10273206977929081,0.025319329167075667,0.15912048632113862,0.9327893740801991
WDD,sea_mean,10,100,log2,5,3,0.10175242164638998,0.02073032551437374,0.1439802955767689,0.9206020073922753
WDD,sea_median,10,100,log2,5,3,0.1134503147032556,0.028271009913541336,0.1681398522466977,0.9162575264585663
WDD,sea_mode,10,100,log2,5,3,0.0967117188481665,0.019697841769526565,0.1403489998878744,0.8587601963577518
WDD,"(35.85416793823242, 14.583335876464844)",10,100,log2,5,5,0.15870538228729703,0.04866469691556992,0.22060076363324294,0.7511876004516345
WDD,"(35.8125, 14.583335876464844)",10,100,log2,5,5,0.1596594122911837,0.04823848285502493,0.21963260881532354,0.7620725450450504
WDD,"(35.8125, 14.458335876464844)",10,100,log2,5,5,0.10362102317676464,0.02807519375760961,0.16755653898791778,0.9103512776554826
WDD,"(35.770835876464844, 14.541667938232422)",10,100,log2,5,5,0.11040020912289147,0.026778607244600676,0.16364170386732313,0.9235467801142097
WDD,"(35.770835876464844, 14.5)",10,100,log2,5,5,0.1045692024409806,0.026166961033619308,0.1617620506596628,0.9305393196682502
WDD,sea_mean,10,100,log2,5,5,0.10312830556139871,0.02140157739921958,0.14629277972346955,0.9180310852833119
WDD,sea_median,10,100,log2,5,5,0.11523229184979872,0.029280333925712568,0.1711149728273729,0.9132677751322971
WDD,sea_mode,10,100,log2,5,5,0.09758963910908756,0.019910519188298448,0.14110463914520474,0.8572352314799776
WDD,"(35.85416793823242, 14.583335876464844)",10,100,0.5,5,1,0.15821735364864636,0.04837423603156875,0.21994143773188524,0.7526726660968321
WDD,"(35.8125, 14.583335876464844)",10,100,0.5,5,1,0.1586914834149876,0.047795349567306494,0.218621475540045,0.7642582185802139
WDD,"(35.8125, 14.458335876464844)",10,100,0.5,5,1,0.10383033410148951,0.026355690214906812,0.16234435689270757,0.9158419359569376
WDD,"(35.770835876464844, 14.541667938232422)",10,100,0.5,5,1,0.11220856753129216,0.027646017196531807,0.16627091506493794,0.9210703151068861
WDD,"(35.770835876464844, 14.5)",10,100,0.5,5,1,0.10636424172176147,0.026396373039155718,0.16246960650889666,0.9299303412713948
WDD,sea_mean,10,100,0.5,5,1,0.10470686756826189,0.022295109211610906,0.14931546876198362,0.914608821981859
WDD,sea_median,10,100,0.5,5,1,0.11633642849887814,0.029991936111283046,0.17318180075078052,0.911159915265267
WDD,sea_mode,10,100,0.5,5,1,0.09852095642264234,0.020102415409166012,0.14178298702300643,0.8558592744146226
WDD,"(35.85416793823242, 14.583335876464844)",10,100,0.5,5,3,0.1569545097333132,0.04806033647514518,0.2192266782924587,0.7542775687634699
WDD,"(35.8125, 14.583335876464844)",10,100,0.5,5,3,0.15740132684872413,0.04748559952686418,0.21791190772159327,0.7657860037515702
WDD,"(35.8125, 14.458335876464844)",10,100,0.5,5,3,0.10350224706659762,0.02653142388944064,0.16288469507427836,0.9152807893614455
WDD,"(35.770835876464844, 14.541667938232422)",10,100,0.5,5,3,0.11158821242383812,0.027846953352155642,0.1668740643484051,0.9204966401599931
WDD,"(35.770835876464844, 14.5)",10,100,0.5,5,3,0.10605624581931619,0.02677883236922198,0.16364239172421668,0.928915095930849
WDD,sea_mean,10,100,0.5,5,3,0.1040846684263027,0.022425516291081367,0.14975151515454316,0.9141093575463097
WDD,sea_median,10,100,0.5,5,3,0.11585530810430616,0.03012619192170407,0.17356898317874675,0.9107622317836245
WDD,sea_mode,10,100,0.5,5,3,0.09868337905591763,0.0202144105748264,0.14217739122246686,0.8550562333814051
WDD,"(35.85416793823242, 14.583335876464844)",10,100,0.5,5,5,0.15941594911499116,0.049592797376462355,0.22269440355891829,0.7464424172421874
WDD,"(35.8125, 14.583335876464844)",10,100,0.5,5,5,0.1597985274572463,0.04906078505490964,0.2214966931015216,0.7580166905064567
WDD,"(35.8125, 14.458335876464844)",10,100,0.5,5,5,0.10488263536915589,0.02764865005163939,0.16627883224162776,0.9117133020316799
WDD,"(35.770835876464844, 14.541667938232422)",10,100,0.5,5,5,0.11272688281010054,0.028172759059124256,0.16784742791929894,0.9195664612628087
WDD,"(35.770835876464844, 14.5)",10,100,0.5,5,5,0.10713499974281211,0.02713471841142359,0.16472619224465668,0.9279703898726965
WDD,sea_mean,10,100,0.5,5,5,0.10536850326120421,0.022715727152249145,0.15071737508412608,0.9129978381061685
WDD,sea_median,10,100,0.5,5,5,0.11701749971275462,0.0305354397069794,0.17474392609466974,0.9095499856723211
WDD,sea_mode,10,100,0.5,5,5,0.09846321486582307,0.020266161523991376,0.1423592691888778,0.8546851625816758
